{"cameraMode":{"drawMode":0,"name":"Shaded","section":"Shading Mode"},"sceneLighting":true,"audioPlay":false,"sceneViewState":{"showFog":true,"showMaterialUpdate":true,"showSkybox":true,"showFlares":true,"showImageEffects":true,"showParticleSystems":true,"showVisualEffectGraphs":true,"m_FxEnabled":true},"in2DMode":false,"pivot":{"x":15.536054611206055,"y":1.9856863021850587,"z":6.054620742797852},"rotation":{"x":-0.08138599991798401,"y":0.3470238149166107,"z":-0.030462581664323808,"w":-0.9339418411254883},"size":12.461819648742676,"orthographic":false}