{"cameraMode":{"drawMode":0,"name":"Shaded","section":"Shading Mode"},"sceneLighting":true,"audioPlay":false,"sceneViewState":{"showFog":true,"showMaterialUpdate":true,"showSkybox":true,"showFlares":true,"showImageEffects":true,"showParticleSystems":true,"showVisualEffectGraphs":true,"m_FxEnabled":true},"in2DMode":false,"pivot":{"x":651.4434204101563,"y":817.6508178710938,"z":-515.8358154296875},"rotation":{"x":-0.037296194583177569,"y":0.09254509210586548,"z":0.003906737081706524,"w":0.9951545596122742},"size":56.97590255737305,"orthographic":false}