{"cameraMode":{"drawMode":0,"name":"Shaded","section":"Shading Mode"},"sceneLighting":true,"audioPlay":false,"sceneViewState":{"showFog":true,"showMaterialUpdate":true,"showSkybox":true,"showFlares":true,"showImageEffects":true,"showParticleSystems":true,"showVisualEffectGraphs":true,"m_FxEnabled":true},"in2DMode":false,"pivot":{"x":6.2726640701293949,"y":-6.423953056335449,"z":12.97678279876709},"rotation":{"x":-0.14648179709911347,"y":-0.021517690271139146,"z":0.0026160243432968857,"w":-0.9891999959945679},"size":34.470523834228519,"orthographic":false}